"Total Requirements, Industry-by-Industry - Summary"
"Total Requirements, Industry-by-Industry - Summary"

,Industries/Industries,111CA,113FF,211,212,213,22,23,321,327,331,332,333,334,335,3361MV,3364OT,337,339,311FT,313TT,315AL,322,323,324,325,326,42,441,445,452,4A0,481,482,483,484,485,486,487OS,493,511,512,513,514,521CI,523,524,525,HS,ORE,532RL,5411,5415,5412OP,55,561,562,61,621,622,623,624,711AS,713,721,722,81,GFGD,GFGN,GFE,GSLG,GSLE
,Industry Description,Farms,"Forestry, fishing, and related activities",Oil and gas extraction,"Mining, except oil and gas",Support activities for mining,Utilities,Construction,Wood products,Nonmetallic mineral products,Primary metals,Fabricated metal products,Machinery,Computer and electronic products,"Electrical equipment, appliances, and components","Motor vehicles, bodies and trailers, and parts",Other transportation equipment,Furniture and related products,Miscellaneous manufacturing,Food and beverage and tobacco products,Textile mills and textile product mills,Apparel and leather and allied products,Paper products,Printing and related support activities,Petroleum and coal products,Chemical products,Plastics and rubber products,Wholesale trade,Motor vehicle and parts dealers,Food and beverage stores,General merchandise stores,Other retail,Air transportation,Rail transportation,Water transportation,Truck transportation,Transit and ground passenger transportation,Pipeline transportation,Other transportation and support activities,Warehousing and storage,"Publishing industries, except internet (includes software)",Motion picture and sound recording industries,Broadcasting and telecommunications,"Data processing, internet publishing, and other information services","Federal Reserve banks, credit intermediation, and related activities","Securities, commodity contracts, and investments",Insurance carriers and related activities,"Funds, trusts, and other financial vehicles",Housing,Other real estate,Rental and leasing services and lessors of intangible assets,Legal services,Computer systems design and related services,"Miscellaneous professional, scientific, and technical services",Management of companies and enterprises,Administrative and support services,Waste management and remediation services,Educational services,Ambulatory health care services,Hospitals,Nursing and residential care facilities,Social assistance,"Performing arts, spectator sports, museums, and related activities","Amusements, gambling, and recreation industries",Accommodation,Food services and drinking places,"Other services, except government",Federal general government (defense),Federal general government (nondefense),Federal government enterprises,State and local general government,State and local government enterprises
111CA,Farms,1.3132842,0.0206013,0.0015034,0.0018934,0.0009769,0.0007687,0.0032028,0.0185054,0.0036607,0.0022812,0.0018090,0.0016377,0.0006443,0.0018625,0.0030261,0.0011557,0.0060503,0.0043466,0.3776465,0.0588966,0.0124260,0.0077563,0.0061931,0.0031292,0.0329630,0.0120566,0.0015754,0.0019144,0.0023263,0.0016396,0.0012039,0.0019095,0.0014993,0.0027923,0.0009949,0.0010566,0.0006076,0.0010823,0.0007463,0.0006505,0.0008813,0.0009652,0.0012417,0.0010165,0.0011135,0.0005765,0.0011170,0.0001754,0.0023759,0.0013131,0.0005662,0.0010643,0.0033772,0.0012367,0.0026282,0.0017246,0.0056780,0.0027097,0.0044779,0.0073315,0.0229133,0.0025904,0.0108613,0.0075229,0.0294263,0.0017757,0.0028586,0.0007694,0.0031104,0.0160705,0.0020490
113FF,"Forestry, fishing, and related activities",0.0666451,1.1334592,0.0004430,0.0020773,0.0005396,0.0003661,0.0044315,0.1283432,0.0014494,0.0021467,0.0011328,0.0013290,0.0004808,0.0018715,0.0024337,0.0007022,0.0147735,0.0036526,0.0271566,0.0041142,0.0093804,0.0275081,0.0040295,0.0005766,0.0027764,0.0085740,0.0009503,0.0004991,0.0024771,0.0005266,0.0006038,0.0004780,0.0054511,0.0005610,0.0005431,0.0007126,0.0003068,0.0005416,0.0004387,0.0002829,0.0003244,0.0005486,0.0006797,0.0003710,0.0004337,0.0002702,0.0004054,0.0001546,0.0013309,0.0007173,0.0002227,0.0003552,0.0007605,0.0004230,0.0007271,0.0006659,0.0009028,0.0006675,0.0009461,0.0010602,0.0025855,0.0004872,0.0026136,0.0028270,0.0067956,0.0010234,0.0005857,0.0005031,0.0007527,0.0035218,0.0014192
211,Oil and gas extraction,0.0170559,0.0047734,1.0671647,0.0192365,0.0074850,0.0503402,0.0172661,0.0116515,0.0119935,0.0163231,0.0098184,0.0075035,0.0023889,0.0095579,0.0087704,0.0047944,0.0100117,0.0092996,0.0118998,0.0173193,0.0049410,0.0143699,0.0118311,0.5698299,0.0293509,0.0203938,0.0050953,0.0052142,0.0053773,0.0048032,0.0048794,0.0814947,0.0290494,0.0515104,0.0309530,0.0185106,0.0059201,0.0283937,0.0162697,0.0028057,0.0025458,0.0034082,0.0039120,0.0040054,0.0060726,0.0013158,0.0070799,0.0007544,0.0076297,0.0057666,0.0014776,0.0030914,0.0038946,0.0032857,0.0063242,0.0141090,0.0096233,0.0046616,0.0052990,0.0058570,0.0063098,0.0038510,0.0078737,0.0056000,0.0067122,0.0053160,0.0147928,0.0048840,0.0234216,0.0263400,0.0689797
212,"Mining, except oil and gas",0.0057293,0.0006460,0.0054790,1.0793157,0.0026533,0.0123991,0.0160326,0.0036097,0.0874565,0.0845083,0.0230308,0.0140282,0.0026016,0.0164274,0.0144194,0.0058489,0.0084871,0.0069633,0.0050987,0.0059253,0.0015112,0.0110375,0.0035503,0.0081098,0.0107403,0.0076669,0.0011654,0.0012247,0.0013566,0.0013206,0.0012259,0.0022497,0.0035393,0.0024340,0.0017998,0.0015114,0.0016536,0.0015097,0.0014490,0.0006525,0.0008131,0.0020609,0.0032345,0.0007688,0.0014462,0.0004811,0.0013042,0.0004771,0.0021568,0.0014286,0.0004456,0.0008553,0.0020739,0.0009939,0.0023093,0.0034808,0.0028533,0.0014257,0.0017694,0.0015453,0.0027446,0.0027682,0.0050660,0.0020803,0.0024331,0.0034424,0.0022412,0.0079034,0.0019220,0.0027313,0.0190866
213,Support activities for mining,0.0009182,0.0002392,0.0505029,0.0206405,1.0137731,0.0026089,0.0011466,0.0006379,0.0021807,0.0023413,0.0009513,0.0006586,0.0001754,0.0008074,0.0007208,0.0003688,0.0006733,0.0005891,0.0006733,0.0009415,0.0002677,0.0009079,0.0006387,0.0270655,0.0015937,0.0011297,0.0002676,0.0002740,0.0002829,0.0002550,0.0002581,0.0038973,0.0014455,0.0024951,0.0015028,0.0009095,0.0003262,0.0013740,0.0008022,0.0001483,0.0001379,0.0002107,0.0002510,0.0002066,0.0003184,0.0000734,0.0003629,0.0000456,0.0004063,0.0003055,0.0000798,0.0001673,0.0002505,0.0001848,0.0003469,0.0007510,0.0005117,0.0002497,0.0002885,0.0003089,0.0003590,0.0002360,0.0004709,0.0003101,0.0003684,0.0003223,0.0007539,0.0003808,0.0011479,0.0013006,0.0036300
22,Utilities,0.0263042,0.0028302,0.0271668,0.0329833,0.0050414,1.0494616,0.0127412,0.0199228,0.0334707,0.0344060,0.0217796,0.0151988,0.0067225,0.0157183,0.0175031,0.0210279,0.0185783,0.0114373,0.0228530,0.0264049,0.0099405,0.0376666,0.0221103,0.0241217,0.0217320,0.0270670,0.0105557,0.0168464,0.0325760,0.0306952,0.0173266,0.0093973,0.0060279,0.0108096,0.0163729,0.0093574,0.0244369,0.0088058,0.0163470,0.0042754,0.0055819,0.0123428,0.0124437,0.0062095,0.0074012,0.0029892,0.0151385,0.0009990,0.0246819,0.0081044,0.0037336,0.0043577,0.0063269,0.0103637,0.0074454,0.0194428,0.0169074,0.0075908,0.0128416,0.0167395,0.0117149,0.0097698,0.0205061,0.0236513,0.0230404,0.0125965,0.0105753,0.0061405,0.0341902,0.0160776,0.0184882
23,Construction,0.0102459,0.0017861,0.0066275,0.0350866,0.0126712,0.0153229,1.0057953,0.0095377,0.0173351,0.0177621,0.0120748,0.0088052,0.0038136,0.0081500,0.0093661,0.0074160,0.0096334,0.0070668,0.0107865,0.0098945,0.0053768,0.0153176,0.0110677,0.0168050,0.0082207,0.0113483,0.0075747,0.0113155,0.0122907,0.0166958,0.0114453,0.0071258,0.0369612,0.0079067,0.0097878,0.0102103,0.0220620,0.0102589,0.0113980,0.0030660,0.0044362,0.0090229,0.0067150,0.0099096,0.0100939,0.0039920,0.0087264,0.0238850,0.0397184,0.0087262,0.0037624,0.0030447,0.0058623,0.0069536,0.0055153,0.0094029,0.0090529,0.0052463,0.0088251,0.0108078,0.0099174,0.0076387,0.0125835,0.0226025,0.0113004,0.0118923,0.0207000,0.0060741,0.0143176,0.0223294,0.1735635
321,Wood products,0.0044600,0.0020938,0.0020972,0.0075954,0.0035755,0.0020718,0.0391399,1.2604073,0.0061337,0.0131017,0.0060177,0.0074982,0.0029242,0.0124401,0.0141400,0.0037712,0.1250681,0.0142526,0.0051558,0.0048430,0.0021741,0.0412381,0.0065976,0.0023475,0.0029080,0.0139142,0.0058429,0.0024731,0.0050344,0.0027120,0.0034174,0.0013359,0.0520136,0.0020987,0.0031111,0.0023119,0.0017417,0.0022820,0.0025681,0.0011015,0.0015969,0.0031931,0.0042390,0.0014525,0.0017741,0.0008510,0.0015317,0.0011979,0.0086471,0.0037857,0.0008862,0.0010639,0.0019807,0.0015072,0.0028949,0.0027931,0.0022335,0.0020394,0.0030374,0.0021598,0.0062693,0.0017263,0.0040220,0.0067345,0.0035617,0.0054849,0.0022326,0.0019553,0.0024097,0.0039886,0.0101455
327,Nonmetallic mineral products,0.0019792,0.0004348,0.0074987,0.0083773,0.0055579,0.0017769,0.0446955,0.0089125,1.1212917,0.0171238,0.0088770,0.0087136,0.0020425,0.0166248,0.0195496,0.0036275,0.0075562,0.0069559,0.0048034,0.0031833,0.0016009,0.0053727,0.0023755,0.0068037,0.0036118,0.0104550,0.0012751,0.0020497,0.0014660,0.0014222,0.0017578,0.0018216,0.0032015,0.0021085,0.0020870,0.0015501,0.0017102,0.0014628,0.0017577,0.0006463,0.0006555,0.0044470,0.0023533,0.0009806,0.0013646,0.0006341,0.0012119,0.0011943,0.0028804,0.0031376,0.0005110,0.0010711,0.0032296,0.0010811,0.0020557,0.0042661,0.0014374,0.0026487,0.0040395,0.0017483,0.0040483,0.0010381,0.0022567,0.0021831,0.0035032,0.0033699,0.0024065,0.0024925,0.0020389,0.0028020,0.0181630
331,Primary metals,0.0116864,0.0024952,0.0612657,0.0265338,0.0134577,0.0080047,0.0389043,0.0231894,0.0360623,1.4534476,0.3531635,0.2145502,0.0350848,0.2383415,0.2001315,0.0769027,0.1087477,0.0796568,0.0197850,0.0180079,0.0069747,0.0334633,0.0172234,0.0356168,0.0121092,0.0341477,0.0061877,0.0054136,0.0049858,0.0044062,0.0050425,0.0087567,0.0218864,0.0148054,0.0104978,0.0085383,0.0108808,0.0093365,0.0096973,0.0029367,0.0022795,0.0111157,0.0077947,0.0025103,0.0040994,0.0018109,0.0037646,0.0013806,0.0088336,0.0074289,0.0016135,0.0054281,0.0063319,0.0038976,0.0089220,0.0269283,0.0080035,0.0046061,0.0071940,0.0047076,0.0126995,0.0033081,0.0091974,0.0066340,0.0066443,0.0205581,0.0185361,0.0109915,0.0120173,0.0076282,0.0278140
332,Fabricated metal products,0.0133529,0.0034879,0.0420444,0.0218254,0.0122781,0.0101948,0.0682668,0.0385547,0.0290198,0.0774180,1.1301980,0.0922113,0.0278830,0.1068696,0.0832792,0.0656795,0.0835885,0.0417504,0.0310677,0.0270582,0.0108103,0.0491640,0.0261395,0.0277375,0.0199139,0.0475847,0.0066162,0.0059682,0.0054576,0.0051877,0.0060173,0.0083292,0.0137248,0.0270471,0.0123744,0.0116751,0.0282069,0.0091886,0.0118566,0.0043028,0.0026085,0.0193358,0.0088518,0.0032597,0.0047250,0.0020945,0.0044188,0.0021379,0.0085680,0.0100182,0.0018792,0.0076731,0.0072513,0.0046501,0.0082409,0.0368511,0.0081781,0.0046457,0.0080573,0.0050878,0.0177412,0.0033657,0.0088155,0.0119379,0.0096429,0.0258842,0.0220768,0.0091640,0.0105077,0.0093639,0.0388645
333,Machinery,0.0101747,0.0016333,0.0433602,0.0469239,0.0266865,0.0054642,0.0260734,0.0089258,0.0086361,0.0184868,0.0206744,1.1018242,0.0035230,0.0250449,0.0783129,0.0201662,0.0088187,0.0107731,0.0126751,0.0076186,0.0031804,0.0139579,0.0229145,0.0248938,0.0127496,0.0181601,0.0038892,0.0035831,0.0033538,0.0029790,0.0034257,0.0059192,0.0050667,0.0065941,0.0073034,0.0047196,0.0032878,0.0140476,0.0151774,0.0016602,0.0014569,0.0040728,0.0045237,0.0014493,0.0023542,0.0017595,0.0021579,0.0008651,0.0048127,0.0055434,0.0010174,0.0047865,0.0035385,0.0025086,0.0075817,0.0391563,0.0090742,0.0030851,0.0040851,0.0032174,0.0048946,0.0021149,0.0044820,0.0028443,0.0040282,0.0121939,0.0073621,0.0038843,0.0058063,0.0062516,0.0186583
334,Computer and electronic products,0.0067832,0.0017505,0.0073366,0.0064506,0.0042405,0.0026541,0.0114000,0.0189040,0.0119574,0.0202780,0.0268694,0.0336409,1.1296183,0.0431333,0.0612697,0.1140299,0.0249588,0.0220541,0.0118740,0.0200149,0.0078253,0.0154196,0.0248736,0.0068081,0.0121086,0.0202645,0.0247364,0.0070916,0.0044018,0.0051483,0.0048772,0.0050489,0.0061375,0.0077974,0.0051326,0.0046630,0.0033318,0.0045650,0.0042448,0.0102154,0.0069617,0.0342604,0.0190448,0.0035507,0.0068933,0.0020431,0.0115541,0.0006565,0.0051857,0.0055425,0.0050159,0.0125271,0.0084229,0.0185524,0.0098564,0.0132081,0.0082384,0.0109951,0.0060923,0.0042754,0.0068744,0.0029858,0.0049995,0.0049279,0.0054330,0.0116563,0.0345404,0.0183559,0.0049755,0.0058214,0.0122177
335,"Electrical equipment, appliances, and components",0.0159001,0.0013762,0.0046876,0.0047522,0.0062709,0.0014869,0.0253107,0.0062594,0.0037771,0.0144386,0.0156133,0.0518860,0.0097973,1.0946211,0.0247844,0.0109922,0.0059670,0.0085000,0.0084283,0.0048439,0.0018983,0.0070553,0.0048059,0.0036560,0.0042928,0.0077626,0.0026403,0.0028120,0.0018850,0.0036860,0.0018524,0.0022794,0.0054927,0.0034309,0.0024803,0.0035363,0.0018237,0.0020974,0.0030285,0.0010394,0.0008769,0.0079009,0.0021742,0.0012424,0.0024493,0.0008684,0.0019725,0.0007483,0.0032449,0.0027141,0.0006948,0.0059598,0.0039288,0.0015054,0.0035671,0.0106291,0.0025660,0.0012714,0.0027290,0.0035630,0.0044132,0.0013522,0.0040073,0.0036118,0.0026690,0.0067450,0.0083350,0.0136191,0.0030893,0.0028322,0.0166875
3361MV,"Motor vehicles, bodies and trailers, and parts",0.0074644,0.0026775,0.0096913,0.0131699,0.0054370,0.0027079,0.0072458,0.0245965,0.0101018,0.0166921,0.0119709,0.0449100,0.0053902,0.0139072,1.4075709,0.0254072,0.0155078,0.0098686,0.0118717,0.0103474,0.0061602,0.0155849,0.0080850,0.0068776,0.0056965,0.0090417,0.0081803,0.0110687,0.0105653,0.0043384,0.0082130,0.0035972,0.0053637,0.0088093,0.0235142,0.0140042,0.0027110,0.0048033,0.0150093,0.0026460,0.0024734,0.0053547,0.0044587,0.0019890,0.0029824,0.0014403,0.0025065,0.0005699,0.0053128,0.0114027,0.0013574,0.0027391,0.0044419,0.0038336,0.0205115,0.0222134,0.0060006,0.0031495,0.0069153,0.0038612,0.0161613,0.0028947,0.0042915,0.0037735,0.0056632,0.0226187,0.0221766,0.0037084,0.0496173,0.0078878,0.0107885
3364OT,Other transportation equipment,0.0006141,0.0006293,0.0004886,0.0006630,0.0003311,0.0004015,0.0006077,0.0010202,0.0008475,0.0013569,0.0010299,0.0021227,0.0005592,0.0011133,0.0059133,1.2958329,0.0007677,0.0005160,0.0007555,0.0005329,0.0002940,0.0008549,0.0005835,0.0004625,0.0004811,0.0007984,0.0006402,0.0004110,0.0003374,0.0002469,0.0004297,0.0102697,0.0166042,0.0199452,0.0019330,0.0023942,0.0003409,0.0095331,0.0006210,0.0002433,0.0002512,0.0004223,0.0004345,0.0002518,0.0005521,0.0001579,0.0004427,0.0000413,0.0004074,0.0004861,0.0001470,0.0003194,0.0016169,0.0003111,0.0005586,0.0016164,0.0003135,0.0002565,0.0003641,0.0002707,0.0004565,0.0002704,0.0016031,0.0002421,0.0003529,0.0006559,0.1115227,0.0027962,0.0011538,0.0003474,0.0011458
337,Furniture and related products,0.0002490,0.0000565,0.0002115,0.0004938,0.0001972,0.0002536,0.0092111,0.0030956,0.0003748,0.0004532,0.0003773,0.0008876,0.0004893,0.0003959,0.0005433,0.0003345,1.0405555,0.0015919,0.0003077,0.0006092,0.0003541,0.0005854,0.0003380,0.0002833,0.0002265,0.0014138,0.0004873,0.0005905,0.0002503,0.0002815,0.0011595,0.0001630,0.0006697,0.0002362,0.0002568,0.0002131,0.0003029,0.0002159,0.0002098,0.0001040,0.0002208,0.0003993,0.0006741,0.0001713,0.0002017,0.0000896,0.0001945,0.0010380,0.0005634,0.0002211,0.0001062,0.0001173,0.0003403,0.0001782,0.0001866,0.0003056,0.0002003,0.0003051,0.0003789,0.0002346,0.0011454,0.0017021,0.0014743,0.0003692,0.0004962,0.0005158,0.0003268,0.0001588,0.0008651,0.0003420,0.0054922
339,Miscellaneous manufacturing,0.0008533,0.0001516,0.0007827,0.0008731,0.0004720,0.0002954,0.0018248,0.0010758,0.0010772,0.0010935,0.0011889,0.0060202,0.0006658,0.0043553,0.0058297,0.0011282,0.0014520,1.0298899,0.0008688,0.0024403,0.0108393,0.0009803,0.0010165,0.0006080,0.0009024,0.0018632,0.0009753,0.0011832,0.0007787,0.0004845,0.0009604,0.0004169,0.0004699,0.0008102,0.0005741,0.0007962,0.0004327,0.0006939,0.0010016,0.0004088,0.0003588,0.0007610,0.0007038,0.0003782,0.0006218,0.0003130,0.0005202,0.0001003,0.0008843,0.0007235,0.0002412,0.0004635,0.0013029,0.0004882,0.0022390,0.0032669,0.0013176,0.0137597,0.0229456,0.0019202,0.0049142,0.0009456,0.0013184,0.0005194,0.0009811,0.0025474,0.0027051,0.0014397,0.0006049,0.0024550,0.0012283
311FT,Food and beverage and tobacco products,0.1020830,0.0044819,0.0013915,0.0012902,0.0010151,0.0010853,0.0016646,0.0040415,0.0066782,0.0034165,0.0019891,0.0016690,0.0005993,0.0018221,0.0026416,0.0010924,0.0027126,0.0023894,1.2184381,0.0098931,0.0196766,0.0048952,0.0105266,0.0030580,0.0160391,0.0075870,0.0028813,0.0013581,0.0035961,0.0022145,0.0015430,0.0039128,0.0010898,0.0065123,0.0014179,0.0013719,0.0008132,0.0014812,0.0009898,0.0009321,0.0014943,0.0013743,0.0020398,0.0019448,0.0018970,0.0009028,0.0020249,0.0002052,0.0040826,0.0021136,0.0009977,0.0019061,0.0042381,0.0018785,0.0021805,0.0022599,0.0145869,0.0034463,0.0101896,0.0192658,0.0709146,0.0067984,0.0258777,0.0199270,0.0745527,0.0033467,0.0067356,0.0015696,0.0085449,0.0426166,0.0018963
313TT,Textile mills and textile product mills,0.0009564,0.0003552,0.0005717,0.0007556,0.0003798,0.0002507,0.0022266,0.0054312,0.0029517,0.0012091,0.0009571,0.0032676,0.0004350,0.0012057,0.0071560,0.0032375,0.0421621,0.0111766,0.0017394,1.1940889,0.1020467,0.0240821,0.0069926,0.0007911,0.0019748,0.0125448,0.0013197,0.0004622,0.0006766,0.0116513,0.0014096,0.0004206,0.0006072,0.0009104,0.0005935,0.0007146,0.0002436,0.0005503,0.0003933,0.0002972,0.0017207,0.0005434,0.0004449,0.0002399,0.0003965,0.0002677,0.0003353,0.0001202,0.0005768,0.0008688,0.0001575,0.0002971,0.0006541,0.0003256,0.0007383,0.0019830,0.0004632,0.0007886,0.0011558,0.0062451,0.0051479,0.0003488,0.0010168,0.0049209,0.0009549,0.0012340,0.0014384,0.0013583,0.0007461,0.0013161,0.0012333
315AL,Apparel and leather and allied products,0.0001841,0.0000232,0.0000437,0.0000497,0.0000273,0.0000235,0.0000666,0.0001151,0.0001026,0.0000994,0.0000652,0.0001301,0.0000253,0.0000699,0.0023709,0.0000854,0.0003099,0.0007030,0.0002777,0.0012212,1.0412174,0.0002108,0.0001023,0.0000501,0.0000973,0.0001714,0.0001277,0.0000477,0.0000475,0.0005904,0.0001279,0.0000330,0.0000319,0.0001003,0.0000857,0.0000851,0.0000285,0.0000389,0.0000491,0.0000227,0.0000317,0.0000411,0.0000325,0.0000233,0.0000391,0.0000195,0.0000323,0.0000117,0.0000600,0.0000678,0.0000144,0.0000243,0.0000418,0.0000340,0.0001199,0.0004944,0.0000528,0.0000470,0.0000828,0.0000868,0.0001462,0.0000818,0.0001446,0.0000896,0.0001171,0.0009136,0.0001524,0.0000883,0.0010732,0.0004157,0.0001309
322,Paper products,0.0071647,0.0011510,0.0036944,0.0045813,0.0027102,0.0021530,0.0071318,0.0164203,0.0218465,0.0229368,0.0145597,0.0129204,0.0040222,0.0177078,0.0232806,0.0068323,0.0305601,0.0213150,0.0398724,0.0198625,0.0069428,1.2875632,0.1363618,0.0038642,0.0125507,0.0291197,0.0067017,0.0026676,0.0052608,0.0035043,0.0042420,0.0029976,0.0035919,0.0041322,0.0039640,0.0183117,0.0021725,0.0072986,0.0035655,0.0042713,0.0023281,0.0031741,0.0038334,0.0024949,0.0039054,0.0045230,0.0032573,0.0004566,0.0040423,0.0056317,0.0021411,0.0030039,0.0040673,0.0030232,0.0082912,0.0070684,0.0041019,0.0038202,0.0057751,0.0061512,0.0110208,0.0027261,0.0043463,0.0161510,0.0102478,0.0076372,0.0035619,0.0091983,0.0051401,0.0099140,0.0048870
323,Printing and related support activities,0.0012467,0.0004302,0.0011798,0.0011240,0.0009948,0.0010235,0.0015378,0.0015837,0.0014018,0.0038088,0.0019504,0.0017965,0.0005908,0.0017511,0.0023268,0.0012763,0.0024764,0.0016125,0.0017749,0.0042133,0.0027985,0.0027488,1.0153585,0.0010841,0.0011525,0.0017657,0.0048974,0.0020386,0.0014754,0.0016718,0.0061890,0.0011612,0.0012132,0.0020732,0.0019043,0.0030309,0.0010654,0.0018772,0.0009613,0.0071308,0.0044541,0.0021995,0.0088860,0.0019356,0.0037709,0.0058539,0.0031798,0.0002335,0.0020056,0.0025756,0.0019260,0.0016935,0.0034258,0.0026019,0.0039309,0.0016735,0.0036366,0.0021545,0.0047574,0.0016795,0.0068826,0.0043464,0.0027614,0.0034054,0.0023814,0.0032647,0.0025812,0.0044400,0.0018496,0.0044898,0.0029467
324,Petroleum and coal products,0.0253259,0.0073203,0.0247423,0.0289198,0.0116763,0.0327860,0.0271166,0.0165416,0.0167225,0.0240634,0.0141388,0.0107728,0.0032740,0.0141012,0.0122873,0.0062131,0.0142357,0.0136322,0.0172620,0.0230166,0.0067816,0.0199780,0.0167028,1.0420757,0.0291091,0.0273008,0.0071150,0.0068727,0.0063199,0.0055438,0.0062533,0.1331765,0.0471576,0.0832052,0.0491244,0.0295099,0.0070165,0.0455905,0.0209965,0.0029256,0.0032814,0.0044368,0.0049085,0.0059567,0.0091146,0.0017890,0.0103939,0.0011347,0.0102247,0.0084101,0.0019720,0.0045571,0.0053618,0.0043664,0.0093976,0.0204028,0.0090320,0.0062909,0.0071493,0.0078315,0.0089722,0.0050950,0.0096721,0.0072029,0.0090616,0.0072818,0.0233166,0.0072587,0.0242873,0.0416985,0.0683279
325,Chemical products,0.0940368,0.0301117,0.0421866,0.0351942,0.0168166,0.0115836,0.0325644,0.0810599,0.0550694,0.0317729,0.0406910,0.0329651,0.0164316,0.0432816,0.0706396,0.0231506,0.0761347,0.0736292,0.0588187,0.3278966,0.0474670,0.0899131,0.0978606,0.0952009,1.3301250,0.3890315,0.0134212,0.0092636,0.0094564,0.0101266,0.0110227,0.0195636,0.0154346,0.0184754,0.0136316,0.0121346,0.0063176,0.0123804,0.0105533,0.0065758,0.0076850,0.0118239,0.0114894,0.0053739,0.0092414,0.0054822,0.0081514,0.0016903,0.0194530,0.0108357,0.0037421,0.0070710,0.0351129,0.0110918,0.0212321,0.0304988,0.0118120,0.0603813,0.0394208,0.0325149,0.0197462,0.0098881,0.0173127,0.0100429,0.0164142,0.0167861,0.0196445,0.0186318,0.0113494,0.0370273,0.0391743
326,Plastics and rubber products,0.0118013,0.0023840,0.0050892,0.0144722,0.0059292,0.0025347,0.0225507,0.0168062,0.0146391,0.0149881,0.0138136,0.0327016,0.0107023,0.0231689,0.0597364,0.0173358,0.0479929,0.0313248,0.0310408,0.0247415,0.0142796,0.0262599,0.0446408,0.0057721,0.0192444,1.0904755,0.0130827,0.0059213,0.0083281,0.0047206,0.0066749,0.0045035,0.0041862,0.0049647,0.0070163,0.0054191,0.0029998,0.0088447,0.0047891,0.0025719,0.0023422,0.0106333,0.0047234,0.0017609,0.0029688,0.0041664,0.0027798,0.0008168,0.0043930,0.0087448,0.0012225,0.0045342,0.0063984,0.0026160,0.0062842,0.0093974,0.0058115,0.0107883,0.0100978,0.0098709,0.0133588,0.0025159,0.0051807,0.0042750,0.0117370,0.0086448,0.0095049,0.0061104,0.0050631,0.0102109,0.0191331
42,Wholesale trade,0.1570999,0.0428430,0.0659502,0.0664361,0.0320250,0.0256830,0.0914997,0.1500929,0.0885990,0.1856077,0.1253489,0.1459999,0.0632500,0.1472310,0.2410011,0.1053717,0.1439331,0.0943837,0.1773357,0.1309256,0.0888738,0.1336674,0.0922316,0.0872344,0.1210455,0.1508679,1.0436483,0.0254932,0.0211341,0.0224634,0.0295572,0.0411487,0.0548948,0.0605339,0.0445445,0.0325894,0.0177572,0.0340492,0.0295957,0.0363274,0.0095861,0.0389914,0.0235370,0.0101113,0.0164944,0.0084418,0.0175658,0.0036718,0.0235700,0.0527612,0.0075727,0.0174965,0.0277011,0.0237131,0.0305976,0.0568766,0.0238446,0.0424132,0.0400337,0.0309872,0.0503017,0.0146117,0.0328956,0.0281171,0.0501877,0.0350675,0.0530471,0.0293763,0.0400327,0.0461304,0.0801338
441,Motor vehicle and parts dealers,0.0006969,0.0001868,0.0015780,0.0025896,0.0010935,0.0003848,0.0023172,0.0038915,0.0022915,0.0017544,0.0020071,0.0068210,0.0007100,0.0009243,0.0089540,0.0031445,0.0027038,0.0023087,0.0023497,0.0013569,0.0008093,0.0032544,0.0016144,0.0010786,0.0011923,0.0016153,0.0005546,1.0019593,0.0027965,0.0008725,0.0020019,0.0005786,0.0008499,0.0012571,0.0044702,0.0010723,0.0004305,0.0006658,0.0009357,0.0004778,0.0005070,0.0006524,0.0005675,0.0003572,0.0004982,0.0002626,0.0004057,0.0001765,0.0010489,0.0027025,0.0002323,0.0004705,0.0006906,0.0004942,0.0038140,0.0016456,0.0004761,0.0003956,0.0006679,0.0005214,0.0006257,0.0004418,0.0007343,0.0006141,0.0008017,0.0054423,0.0007492,0.0005176,0.0006703,0.0005954,0.0010722
445,Food and beverage stores,0.0001558,0.0000139,0.0000250,0.0000335,0.0000168,0.0001291,0.0001270,0.0000459,0.0000648,0.0000604,0.0000416,0.0000505,0.0000170,0.0000430,0.0000524,0.0000251,0.0000754,0.0000588,0.0000947,0.0000558,0.0000326,0.0000496,0.0002668,0.0000366,0.0000838,0.0000567,0.0000368,0.0000484,1.0000389,0.0000328,0.0000416,0.0000695,0.0000699,0.0000437,0.0006547,0.0004418,0.0000233,0.0001671,0.0000318,0.0000191,0.0000215,0.0000241,0.0000347,0.0000388,0.0000389,0.0000184,0.0000396,0.0000321,0.0001001,0.0000491,0.0000203,0.0000361,0.0000347,0.0000305,0.0000946,0.0000399,0.0000420,0.0000543,0.0000655,0.0000720,0.0000577,0.0000332,0.0000472,0.0001585,0.0013084,0.0000421,0.0000257,0.0000217,0.0000348,0.0000383,0.0000498
452,General merchandise stores,0.0004344,0.0000462,0.0001190,0.0001886,0.0000779,0.0003245,0.0008895,0.0002735,0.0002448,0.0002173,0.0001802,0.0004058,0.0000842,0.0001672,0.0004650,0.0001728,0.0003702,0.0003097,0.0003445,0.0002279,0.0001165,0.0002453,0.0009119,0.0001244,0.0001887,0.0001899,0.0001026,0.0002004,0.0002232,1.0001161,0.0001903,0.0001205,0.0002280,0.0001574,0.0018762,0.0012024,0.0000785,0.0004478,0.0001116,0.0000616,0.0000613,0.0000828,0.0000961,0.0000738,0.0000974,0.0000466,0.0000822,0.0001703,0.0002881,0.0002328,0.0000444,0.0000689,0.0000886,0.0000715,0.0004043,0.0001481,0.0001805,0.0000798,0.0001205,0.0001058,0.0001180,0.0001015,0.0001188,0.0003592,0.0003991,0.0003359,0.0000927,0.0000758,0.0001050,0.0001055,0.0002381
4A0,Other retail,0.0058066,0.0005871,0.0013825,0.0035735,0.0011311,0.0050753,0.0438498,0.0059290,0.0027798,0.0030753,0.0022280,0.0036092,0.0010435,0.0022905,0.0037443,0.0015793,0.0047858,0.0037198,0.0042498,0.0042211,0.0014908,0.0030328,0.0168453,0.0022850,0.0049073,0.0031656,0.0015050,0.0043078,0.0021630,0.0039033,1.0024403,0.0017830,0.0039647,0.0097356,0.0243253,0.0149262,0.0016059,0.0068211,0.0015181,0.0007205,0.0009200,0.0011573,0.0013519,0.0012798,0.0015048,0.0006958,0.0013016,0.0029229,0.0042532,0.0018151,0.0006099,0.0008491,0.0012029,0.0009686,0.0025651,0.0017956,0.0015222,0.0014109,0.0017440,0.0018791,0.0018233,0.0026611,0.0025927,0.0071542,0.0079512,0.0032274,0.0017380,0.0010202,0.0017999,0.0020258,0.0085445
481,Air transportation,0.0029159,0.0024401,0.0015356,0.0017428,0.0018533,0.0017421,0.0022268,0.0049349,0.0059572,0.0038904,0.0029962,0.0027369,0.0009708,0.0024631,0.0037168,0.0021206,0.0036040,0.0023572,0.0032741,0.0026903,0.0022619,0.0034093,0.0033108,0.0015875,0.0019416,0.0037489,0.0042314,0.0020058,0.0017625,0.0017037,0.0021379,1.0031139,0.0019282,0.0057799,0.0083619,0.0023993,0.0012954,0.0064351,0.0032744,0.0019624,0.0024708,0.0022002,0.0037010,0.0052143,0.0060300,0.0009460,0.0057181,0.0003996,0.0076909,0.0046441,0.0021390,0.0053708,0.0028827,0.0020755,0.0042682,0.0044140,0.0033071,0.0031226,0.0022695,0.0025907,0.0038462,0.0020099,0.0031435,0.0018065,0.0035182,0.0021299,0.0100467,0.0105952,0.0050355,0.0024778,0.0021581
482,Rail transportation,0.0091583,0.0011567,0.0037177,0.0076862,0.0016417,0.0051704,0.0041461,0.0101288,0.0183387,0.0200246,0.0087468,0.0059435,0.0012460,0.0069440,0.0077678,0.0031440,0.0079570,0.0043035,0.0118402,0.0054815,0.0015598,0.0178203,0.0050941,0.0058525,0.0085338,0.0119866,0.0010428,0.0008193,0.0010094,0.0008237,0.0008866,0.0022875,1.0041406,0.0022709,0.0112411,0.0013110,0.0008662,0.0021666,0.0010820,0.0004637,0.0004392,0.0011335,0.0008418,0.0004694,0.0008759,0.0004442,0.0007797,0.0001922,0.0012580,0.0010678,0.0003349,0.0005582,0.0011054,0.0005683,0.0014326,0.0019671,0.0010273,0.0012607,0.0013539,0.0012555,0.0023879,0.0006622,0.0014299,0.0014153,0.0026249,0.0012962,0.0016626,0.0035977,0.0102605,0.0024952,0.0076689
483,Water transportation,0.0030971,0.0002135,0.0016023,0.0015873,0.0004120,0.0005909,0.0009969,0.0004361,0.0031773,0.0030086,0.0012889,0.0008429,0.0002058,0.0012178,0.0009100,0.0003981,0.0007310,0.0007545,0.0030267,0.0012202,0.0002856,0.0009614,0.0003958,0.0012196,0.0014727,0.0011443,0.0002683,0.0002228,0.0002009,0.0001722,0.0002236,0.0004250,0.0003207,1.0008590,0.0003626,0.0002463,0.0002866,0.0002571,0.0003069,0.0001256,0.0001179,0.0001877,0.0002069,0.0001228,0.0002365,0.0000858,0.0001981,0.0000412,0.0002649,0.0002481,0.0000649,0.0001237,0.0005546,0.0001629,0.0002917,0.0004139,0.0003386,0.0002894,0.0003411,0.0002614,0.0004787,0.0001564,0.0003266,0.0003035,0.0005121,0.0002380,0.0028709,0.0006975,0.0140014,0.0006407,0.0010407
484,Truck transportation,0.0395956,0.0114272,0.0112367,0.0207661,0.0057279,0.0073350,0.0244877,0.0355160,0.0443156,0.0562963,0.0295451,0.0255721,0.0078049,0.0273033,0.0339694,0.0159200,0.0338742,0.0172557,0.0573758,0.0313783,0.0172214,0.0331513,0.0190206,0.0209840,0.0177047,0.0242340,0.0096385,0.0115615,0.0089240,0.0073288,0.0103836,0.0191319,0.0123010,0.0137509,1.0495552,0.0083055,0.0053577,0.0323180,0.0142248,0.0043525,0.0031052,0.0052075,0.0059450,0.0021411,0.0037112,0.0018431,0.0033426,0.0009054,0.0064365,0.0066640,0.0017208,0.0031333,0.0055411,0.0029380,0.0058458,0.0138575,0.0053132,0.0049721,0.0069196,0.0057941,0.0115360,0.0039956,0.0074284,0.0064874,0.0101766,0.0070868,0.0150511,0.0052539,0.0203064,0.0094352,0.0160438
485,Transit and ground passenger transportation,0.0008421,0.0002841,0.0010013,0.0010150,0.0013600,0.0020037,0.0014076,0.0017890,0.0019534,0.0021154,0.0017831,0.0014407,0.0004179,0.0011849,0.0016182,0.0009913,0.0020620,0.0014308,0.0013620,0.0011533,0.0014543,0.0017046,0.0021786,0.0009027,0.0008198,0.0017836,0.0020948,0.0017416,0.0014050,0.0014459,0.0016988,0.0009676,0.0042694,0.0019824,0.0013496,1.0017604,0.0010790,0.0017243,0.0011182,0.0016381,0.0032004,0.0027102,0.0037162,0.0056906,0.0049869,0.0020601,0.0049936,0.0004023,0.0076782,0.0043903,0.0024347,0.0057543,0.0031288,0.0020436,0.0040858,0.0034871,0.0034372,0.0034286,0.0056189,0.0040644,0.0029778,0.0170022,0.0025737,0.0016277,0.0032296,0.0019281,0.0008467,0.0010861,0.0012210,0.0075942,0.0034931
486,Pipeline transportation,0.0023498,0.0005311,0.0232539,0.0025551,0.0007734,0.0236267,0.0017061,0.0014806,0.0018654,0.0022106,0.0013755,0.0010283,0.0003685,0.0011666,0.0011732,0.0009245,0.0013209,0.0010548,0.0016838,0.0020677,0.0006959,0.0021527,0.0015604,0.0358491,0.0026475,0.0021915,0.0008164,0.0009258,0.0013078,0.0011925,0.0009302,0.0077900,0.0028262,0.0052071,0.0034215,0.0019789,1.0011299,0.0029642,0.0018061,0.0003446,0.0003994,0.0006272,0.0006767,0.0005622,0.0008169,0.0002216,0.0010615,0.0000958,0.0013687,0.0008502,0.0002743,0.0004255,0.0005282,0.0005984,0.0008259,0.0018694,0.0011534,0.0006086,0.0008485,0.0009913,0.0009073,0.0006590,0.0012232,0.0011328,0.0012418,0.0008294,0.0016331,0.0006274,0.0071636,0.0028144,0.0232565
487OS,Other transportation and support activities,0.0121527,0.0044539,0.0058689,0.0107887,0.0035318,0.0152958,0.0090675,0.0195235,0.0196444,0.0174664,0.0104549,0.0100683,0.0036633,0.0102848,0.0146664,0.0069844,0.0156582,0.0081385,0.0162877,0.0126664,0.0085457,0.0160818,0.0125690,0.0088860,0.0080203,0.0134386,0.0344105,0.0126324,0.0106963,0.0066146,0.0189166,0.0997845,0.0178089,0.0586238,0.1478227,0.0180429,0.0183566,1.1282954,0.0391272,0.0061133,0.0087401,0.0044506,0.0129466,0.0037681,0.0106306,0.0017026,0.0076419,0.0006075,0.0051628,0.0183509,0.0031924,0.0047738,0.0072933,0.0044882,0.0070523,0.0191665,0.0051216,0.0055390,0.0100487,0.0050720,0.0103628,0.0064809,0.0078701,0.0041137,0.0069873,0.0050750,0.0060429,0.0044089,0.0189621,0.0052242,0.0163570
493,Warehousing and storage,0.0064714,0.0012246,0.0024248,0.0037690,0.0013945,0.0025336,0.0052530,0.0150133,0.0181676,0.0066724,0.0058363,0.0058864,0.0028236,0.0053449,0.0077336,0.0038210,0.0086391,0.0065456,0.0103785,0.0325500,0.0166349,0.0225108,0.0163885,0.0041266,0.0064598,0.0190162,0.0172619,0.0317974,0.0288269,0.0225244,0.0286355,0.0029144,0.0027301,0.0187550,0.0228892,0.0061936,0.0057706,0.0067651,1.0411334,0.0028839,0.0029569,0.0029528,0.0047539,0.0010870,0.0018048,0.0009483,0.0015707,0.0003172,0.0035480,0.0053326,0.0013269,0.0020718,0.0024459,0.0016146,0.0118506,0.0055851,0.0021135,0.0026146,0.0044634,0.0029683,0.0038579,0.0027599,0.0027338,0.0024279,0.0047112,0.0030072,0.0028064,0.0042583,0.0021815,0.0054692,0.0041275
511,"Publishing industries, except internet (includes software)",0.0016278,0.0005110,0.0019139,0.0016954,0.0013666,0.0027862,0.0027878,0.0031665,0.0030132,0.0033758,0.0030672,0.0027437,0.0010014,0.0023644,0.0027187,0.0037954,0.0035633,0.0025412,0.0023514,0.0021957,0.0022137,0.0029017,0.0031292,0.0016718,0.0013737,0.0023127,0.0045679,0.0063493,0.0027635,0.0034426,0.0044864,0.0022213,0.0028771,0.0036769,0.0023163,0.0035652,0.0020787,0.0038051,0.0025651,1.1022647,0.0024249,0.0040611,0.0122315,0.0046541,0.0067305,0.0032503,0.0073985,0.0004292,0.0042340,0.0044833,0.0055553,0.0063888,0.0061048,0.0035198,0.0090651,0.0045189,0.0073213,0.0028793,0.0055654,0.0027751,0.0058284,0.0034568,0.0040429,0.0028284,0.0041904,0.0038826,0.0029804,0.0076448,0.0027752,0.0089576,0.0054023
512,Motion picture and sound recording industries,0.0005594,0.0001775,0.0007632,0.0006451,0.0005714,0.0006674,0.0008920,0.0008134,0.0009672,0.0009855,0.0008863,0.0008008,0.0002986,0.0006939,0.0008646,0.0007541,0.0009758,0.0007691,0.0008126,0.0007589,0.0008225,0.0008175,0.0010017,0.0006798,0.0004723,0.0007960,0.0013171,0.0032385,0.0023185,0.0007943,0.0012973,0.0012882,0.0007362,0.0014955,0.0010602,0.0012836,0.0030773,0.0010277,0.0006233,0.0015624,1.2281884,0.0833383,0.0028988,0.0015308,0.0023630,0.0008630,0.0021528,0.0001452,0.0022968,0.0017887,0.0011149,0.0013666,0.0035501,0.0019165,0.0018993,0.0014587,0.0035473,0.0010673,0.0012529,0.0055329,0.0094023,0.0037719,0.0019215,0.0051597,0.0063570,0.0017571,0.0015708,0.0052690,0.0023256,0.0029329,0.0013567
513,Broadcasting and telecommunications,0.0054485,0.0016773,0.0066889,0.0057392,0.0053550,0.0064176,0.0090584,0.0081162,0.0099833,0.0095958,0.0089409,0.0076944,0.0027270,0.0066883,0.0079582,0.0078997,0.0096731,0.0076177,0.0076966,0.0073316,0.0078124,0.0078835,0.0104395,0.0058896,0.0043450,0.0076366,0.0122621,0.0138462,0.0086786,0.0071431,0.0127487,0.0094746,0.0068226,0.0129125,0.0105501,0.0134761,0.0272600,0.0096121,0.0059429,0.0107039,0.0109679,1.1218733,0.0332987,0.0148971,0.0213337,0.0086254,0.0207334,0.0013670,0.0223976,0.0140027,0.0120904,0.0119368,0.0134985,0.0108067,0.0192070,0.0154269,0.0138690,0.0088775,0.0108838,0.0113041,0.0096981,0.0104634,0.0150466,0.0225903,0.0133473,0.0125960,0.0156825,0.0183912,0.0189032,0.0327477,0.0134548
514,"Data processing, internet publishing, and other information services",0.0060154,0.0021291,0.0077210,0.0075276,0.0059267,0.0135314,0.0112842,0.0160536,0.0176940,0.0160835,0.0151462,0.0136981,0.0036269,0.0121976,0.0120004,0.0153407,0.0194488,0.0128892,0.0110186,0.0110976,0.0106587,0.0156996,0.0139520,0.0069452,0.0059270,0.0111907,0.0147606,0.0302363,0.0148071,0.0132925,0.0225749,0.0093315,0.0093843,0.0167005,0.0094229,0.0165820,0.0115434,0.0104503,0.0083190,0.0256205,0.0112759,0.0179698,1.0481601,0.0265325,0.0275247,0.0122801,0.0366119,0.0022048,0.0185151,0.0168789,0.0167981,0.0215631,0.0222683,0.0157933,0.0451987,0.0259576,0.0298111,0.0092435,0.0172940,0.0116968,0.0141910,0.0177137,0.0201122,0.0130177,0.0244586,0.0193493,0.0159994,0.0254151,0.0152148,0.0273085,0.0240493
521CI,"Federal Reserve banks, credit intermediation, and related activities",0.0241487,0.0102036,0.0238751,0.0255109,0.0257232,0.0232997,0.0203172,0.0230133,0.0227794,0.0280351,0.0227888,0.0209832,0.0138527,0.0239515,0.0299315,0.0165149,0.0280029,0.0261583,0.0269300,0.0237691,0.0617363,0.0239590,0.0228613,0.0211183,0.0182470,0.0249842,0.0320018,0.0265391,0.0218378,0.0259028,0.0239362,0.0246367,0.0861147,0.0442213,0.0265436,0.0638348,0.0696444,0.0231445,0.0153213,0.0239122,0.0847293,0.0296501,0.0262541,1.0986427,0.1359724,0.0090106,0.1537259,0.0567905,0.0744164,0.0527106,0.0127649,0.0152509,0.0215747,0.0592216,0.0206786,0.0241777,0.0189824,0.0169844,0.0237062,0.0198870,0.0196403,0.0213389,0.0302421,0.0302449,0.0359078,0.0260085,0.0087247,0.0269413,0.0251707,0.0190471,0.0296795
523,"Securities, commodity contracts, and investments",0.0054310,0.0017092,0.0113755,0.0380512,0.0910076,0.0054933,0.0062992,0.0052488,0.0084209,0.0212161,0.0152651,0.0130235,0.0030407,0.0112270,0.0138666,0.0070438,0.0166274,0.0119003,0.0063297,0.0054017,0.0091218,0.0059657,0.0052032,0.0079165,0.0042460,0.0060240,0.0080981,0.0051194,0.0051948,0.0061585,0.0058724,0.0138064,0.0155832,0.0241804,0.0086951,0.0401690,0.0122736,0.0144375,0.0046088,0.0044183,0.0142318,0.0058455,0.0049843,0.0615201,1.0854612,0.0112332,0.6347131,0.0052424,0.0178752,0.0233387,0.0040852,0.0045560,0.0056124,0.0259974,0.0061411,0.0067965,0.0055939,0.0059831,0.0202796,0.0070605,0.0157982,0.0117899,0.0069480,0.0062094,0.0264813,0.0091415,0.0028961,0.0042717,0.0059291,0.0043059,0.0233694
524,Insurance carriers and related activities,0.0269454,0.0109082,0.0226767,0.0198713,0.0197431,0.0119353,0.0128244,0.0182235,0.0267789,0.0240533,0.0190755,0.0198398,0.0060545,0.0239970,0.0317377,0.0145897,0.0253945,0.0160264,0.0281084,0.0244469,0.0230226,0.0190271,0.0151283,0.0176223,0.0151342,0.0203408,0.0388759,0.0279926,0.0215554,0.0219007,0.0259181,0.0166632,0.0131145,0.0470755,0.0648516,0.1817006,0.0183456,0.0326310,0.0313304,0.0088168,0.0252748,0.0169452,0.0133648,0.0188070,0.0431560,1.5605328,0.1400662,0.0079992,0.0820176,0.0538084,0.0158378,0.0138016,0.0178552,0.0141402,0.0216151,0.0286944,0.0311005,0.0274274,0.0421751,0.0364086,0.0602004,0.0333729,0.0339242,0.0174502,0.0289128,0.0177925,0.0077746,0.0104324,0.1370244,0.0118992,0.0639846
525,"Funds, trusts, and other financial vehicles",0.0000354,0.0000151,0.0000329,0.0000278,0.0000267,0.0000164,0.0000175,0.0000250,0.0000355,0.0000392,0.0000272,0.0000280,0.0000085,0.0000328,0.0000429,0.0000199,0.0000338,0.0000220,0.0000377,0.0000327,0.0000308,0.0000257,0.0000202,0.0000249,0.0000205,0.0000272,0.0000516,0.0000362,0.0000284,0.0000299,0.0000343,0.0000222,0.0000174,0.0000610,0.0000833,0.0002304,0.0000238,0.0000433,0.0000406,0.0000119,0.0000326,0.0000223,0.0000176,0.0000244,0.0000561,0.0019712,1.0144730,0.0000102,0.0001062,0.0000701,0.0000207,0.0000181,0.0000235,0.0000535,0.0000287,0.0000402,0.0000411,0.0000364,0.0000546,0.0000475,0.0000771,0.0000444,0.0000443,0.0000232,0.0000396,0.0000274,0.0000104,0.0000138,0.0001738,0.0002041,0.0000822
HS,Housing,0.0000000,0.0000000,0.0000000,0.0000000,0.0000000,0.0000000,0.0000000,0.0000000,0.0000000,0.0000000,0.0000000,0.0000000,0.0000000,0.0000000,0.0000000,0.0000000,0.0000000,0.0000000,0.0000000,0.0000000,0.0000000,0.0000000,0.0000000,0.0000000,0.0000000,0.0000000,0.0000000,0.0000000,0.0000000,0.0000000,0.0000000,0.0000000,0.0000000,0.0000000,0.0000000,0.0000000,0.0000000,0.0000000,0.0000000,0.0000000,0.0000000,0.0000000,0.0000000,0.0000000,0.0000000,0.0000000,0.0000000,1.0000000,0.0000000,0.0000000,0.0000000,0.0000000,0.0000000,0.0000000,0.0000000,0.0000000,0.0000000,0.0000000,0.0000000,0.0000000,0.0000000,0.0000000,0.0000000,0.0000000,0.0000000,0.0000000,0.0000000,0.0000000,0.0000000,0.0000000,0.0000000
ORE,Other real estate,0.0284145,0.0066493,0.0317881,0.0252229,0.0222056,0.0277125,0.0390642,0.0313649,0.0332225,0.0355192,0.0433306,0.0314901,0.0097365,0.0304262,0.0351718,0.0212879,0.0505621,0.0303001,0.0384019,0.0412847,0.0349247,0.0400073,0.0606766,0.0252214,0.0201369,0.0409264,0.0742293,0.0929531,0.1346774,0.1135223,0.1396987,0.0253795,0.0251613,0.0628180,0.0617570,0.0739804,0.0256212,0.0505778,0.0848661,0.0407109,0.0543339,0.0793837,0.0475390,0.0553906,0.1073334,0.0450180,0.0800036,0.0085345,1.1643934,0.0747613,0.0647683,0.0339823,0.0785126,0.0916033,0.0570382,0.0654740,0.1341691,0.0709943,0.1210826,0.1481424,0.0979901,0.1138031,0.1559543,0.0553099,0.1075977,0.1231634,0.0192387,0.0450499,0.0299025,0.0273984,0.0395476
532RL,Rental and leasing services and lessors of intangible assets,0.0162718,0.0044957,0.0277711,0.0333425,0.0252757,0.0111088,0.0255710,0.0147392,0.0226629,0.0233349,0.0195692,0.0182398,0.0062732,0.0174863,0.0330526,0.0138550,0.0172354,0.0175070,0.0227374,0.0157677,0.1263510,0.0220361,0.0174236,0.0211538,0.0165277,0.0195758,0.0270425,0.0112972,0.0131029,0.0304410,0.0171923,0.0633124,0.0955036,0.1447988,0.0703555,0.0253074,0.0062880,0.0181470,0.0288897,0.0127084,0.0127756,0.0221322,0.0367545,0.0115722,0.0268288,0.0089619,0.0195770,0.0035737,0.0147280,1.0482065,0.0097265,0.0132686,0.0174128,0.0546067,0.0192144,0.0318062,0.0113288,0.0120548,0.0129670,0.0097802,0.0114662,0.0224865,0.0225081,0.0145219,0.0383710,0.0102710,0.0088564,0.0070191,0.0130977,0.0116872,0.0170929
5411,Legal services,0.0052167,0.0023156,0.0080772,0.0093777,0.0060665,0.0120965,0.0087620,0.0093056,0.0088426,0.0103588,0.0108689,0.0084042,0.0029308,0.0066105,0.0100767,0.0060474,0.0108266,0.0113487,0.0075159,0.0085487,0.0089199,0.0107690,0.0097697,0.0065811,0.0050165,0.0100305,0.0134621,0.0070446,0.0068821,0.0074469,0.0095364,0.0046024,0.0145166,0.0104761,0.0059002,0.0103178,0.0047478,0.0061082,0.0056719,0.0117830,0.0104500,0.0093292,0.0141747,0.0110100,0.0292595,0.0198944,0.0313312,0.0019802,0.0157856,0.0089169,1.0094351,0.0096934,0.0192119,0.0209563,0.0122099,0.0100033,0.0064194,0.0078028,0.0254255,0.0111431,0.0093524,0.0184095,0.0206634,0.0064450,0.0092494,0.0112872,0.0039648,0.0040122,0.0057016,0.0107011,0.0113153
5415,Computer systems design and related services,0.0047040,0.0014433,0.0204090,0.0077237,0.0036273,0.0065909,0.0069917,0.0069344,0.0068219,0.0081852,0.0091316,0.0097323,0.0028159,0.0055028,0.0074669,0.0139726,0.0081441,0.0061855,0.0065581,0.0057835,0.0050722,0.0065672,0.0089286,0.0131542,0.0039014,0.0065762,0.0118444,0.0152066,0.0057132,0.0090283,0.0084505,0.0071238,0.0149720,0.0089958,0.0061279,0.0100459,0.0034601,0.0045810,0.0047919,0.0225900,0.0065011,0.0088339,0.0260216,0.0097780,0.0199613,0.0108359,0.0196753,0.0012212,0.0093133,0.0064348,0.0107042,1.0173894,0.0080568,0.0064909,0.0173321,0.0090514,0.0113715,0.0061610,0.0100643,0.0075855,0.0110597,0.0064978,0.0110713,0.0069047,0.0096940,0.0074766,0.0111944,0.0351901,0.0054371,0.0177588,0.0188533
5412OP,"Miscellaneous professional, scientific, and technical services",0.0284682,0.0117636,0.0378064,0.0372017,0.0260818,0.0384884,0.0532558,0.0420627,0.0433387,0.0504207,0.0421911,0.0382247,0.0129625,0.0377956,0.0449737,0.0311434,0.0570893,0.0410831,0.0450098,0.0416948,0.0369999,0.0438188,0.0428051,0.0318834,0.0253001,0.0448309,0.0791756,0.0930723,0.0529142,0.0418817,0.0822358,0.0264177,0.0444949,0.0671020,0.0370809,0.0534393,0.0511506,0.0284400,0.0313865,0.0670589,0.0589150,0.0725579,0.1051193,0.0667988,0.1063874,0.0602108,0.0921811,0.0074247,0.0771741,0.0641914,0.0364372,0.0669057,1.0974442,0.0868088,0.0702963,0.0507576,0.0500447,0.0393377,0.0690500,0.0524332,0.0545313,0.0671188,0.0761905,0.0437455,0.0567221,0.0570344,0.0962856,0.0461299,0.0420491,0.0521240,0.0953887
55,Management of companies and enterprises,0.0189375,0.0046098,0.1064788,0.0690008,0.0276502,0.0111529,0.0245239,0.0203865,0.0358757,0.0309910,0.0285675,0.0483830,0.0164663,0.0332860,0.0457697,0.0267241,0.0260644,0.0352649,0.0496077,0.0441081,0.0412140,0.0316150,0.0226372,0.0662049,0.0324277,0.0305512,0.0629905,0.0166638,0.0217695,0.0564702,0.0350228,0.0294026,0.0150812,0.0391585,0.0293395,0.0171064,0.0071884,0.0380187,0.0213708,0.0166848,0.0109554,0.0162466,0.0152554,0.0142043,0.0368789,0.0125157,0.0320942,0.0020050,0.0426827,0.0517118,0.0150574,0.0143683,0.0196810,1.0114564,0.0294068,0.0489952,0.0244229,0.0413059,0.0250617,0.0334629,0.0216201,0.0233422,0.0257220,0.0262275,0.0775726,0.0235124,0.0112964,0.0087968,0.0111774,0.0127776,0.0224714
561,Administrative and support services,0.0193342,0.0055494,0.0234089,0.0229801,0.0207294,0.0278461,0.0266359,0.0282920,0.0306814,0.0479414,0.0482375,0.0305724,0.0109202,0.0277641,0.0357093,0.0425661,0.0323953,0.0284625,0.0288688,0.0269491,0.0568609,0.0320365,0.0569972,0.0223809,0.0192608,0.0306582,0.0566000,0.0459925,0.0370011,0.0436968,0.0498595,0.0372602,0.0343210,0.1613807,0.0522529,0.1272526,0.0592660,0.0547292,0.0537869,0.0655198,0.0308691,0.0723666,0.0766126,0.0404234,0.0610828,0.0318409,0.0471527,0.0053332,0.1573809,0.1059012,0.0379531,0.0708662,0.0521832,0.0547113,1.0932527,0.0634552,0.0500823,0.0428000,0.0876562,0.0726456,0.0430474,0.0535767,0.0531326,0.0369320,0.0439900,0.0468426,0.0281725,0.0480358,0.0257219,0.0380439,0.0506364
562,Waste management and remediation services,0.0021418,0.0008083,0.0040005,0.0025155,0.0028094,0.0038203,0.0034889,0.0031046,0.0038391,0.0180501,0.0068582,0.0046038,0.0012093,0.0046844,0.0046891,0.0027573,0.0048775,0.0030647,0.0036709,0.0036563,0.0022597,0.0040841,0.0039986,0.0037248,0.0030661,0.0038925,0.0039288,0.0052726,0.0057989,0.0049237,0.0058249,0.0020165,0.0033737,0.0035259,0.0050489,0.0039448,0.0057826,0.0043643,0.0042007,0.0018815,0.0023487,0.0034321,0.0024078,0.0025586,0.0045999,0.0030673,0.0043353,0.0004715,0.0387519,0.0053475,0.0030368,0.0021460,0.0040917,0.0042943,0.0048726,1.0798137,0.0064246,0.0040637,0.0065127,0.0075728,0.0055068,0.0046670,0.0079672,0.0050987,0.0057336,0.0127381,0.0016278,0.0035041,0.0040590,0.0104195,0.0128512
61,Educational services,0.0001684,0.0000680,0.0001088,0.0001050,0.0000799,0.0001196,0.0001997,0.0001928,0.0001480,0.0003727,0.0002002,0.0001872,0.0000691,0.0001773,0.0002516,0.0001324,0.0001836,0.0001319,0.0001939,0.0001527,0.0001284,0.0001781,0.0002206,0.0001168,0.0001299,0.0001773,0.0007352,0.0006010,0.0015908,0.0001122,0.0017801,0.0003477,0.0001542,0.0002489,0.0002035,0.0002434,0.0001332,0.0001819,0.0000924,0.0000962,0.0014207,0.0009047,0.0001611,0.0001738,0.0001826,0.0000679,0.0001799,0.0000421,0.0002620,0.0002019,0.0000838,0.0001537,0.0001496,0.0002314,0.0004129,0.0002873,1.0071802,0.0001203,0.0001824,0.0001373,0.0002047,0.0183555,0.0026012,0.0001362,0.0002397,0.0026935,0.0001081,0.0002257,0.0013931,0.0040958,0.0001923
621,Ambulatory health care services,0.0000349,0.0000374,0.0000330,0.0000248,0.0000448,0.0000388,0.0000291,0.0000538,0.0000305,0.0002454,0.0000801,0.0000578,0.0000280,0.0000587,0.0000634,0.0000331,0.0000454,0.0000340,0.0000357,0.0000273,0.0000243,0.0000394,0.0000315,0.0000383,0.0000224,0.0000342,0.0000338,0.0000256,0.0000270,0.0000269,0.0000327,0.0001803,0.0000270,0.0001299,0.0000337,0.0000402,0.0000298,0.0000410,0.0000201,0.0000220,0.0000817,0.0000826,0.0000301,0.0000362,0.0001931,0.0000197,0.0001242,0.0000053,0.0000649,0.0000451,0.0000147,0.0000300,0.0000901,0.0000373,0.0001122,0.0000846,0.0000446,1.0120288,0.0155027,0.0003629,0.0000279,0.0007821,0.0000618,0.0000280,0.0000375,0.0002048,0.0000506,0.0024181,0.0000233,0.0053218,0.0000397
622,Hospitals,0.0000001,0.0000001,0.0000001,0.0000001,0.0000001,0.0000001,0.0000001,0.0000001,0.0000001,0.0000005,0.0000002,0.0000001,0.0000001,0.0000001,0.0000001,0.0000001,0.0000001,0.0000001,0.0000001,0.0000001,0.0000001,0.0000001,0.0000001,0.0000001,0.0000000,0.0000001,0.0000001,0.0000001,0.0000001,0.0000001,0.0000001,0.0000004,0.0000001,0.0000003,0.0000001,0.0000001,0.0000001,0.0000001,0.0000000,0.0000000,0.0000002,0.0000002,0.0000001,0.0000001,0.0000004,0.0000000,0.0000003,0.0000000,0.0000001,0.0000001,0.0000000,0.0000001,0.0000002,0.0000001,0.0000002,0.0000002,0.0000001,0.0000250,1.0003114,0.0000008,0.0000001,0.0000016,0.0000001,0.0000001,0.0000001,0.0000004,0.0000001,0.0000050,0.0000000,0.0000111,0.0000001
623,Nursing and residential care facilities,0.0000377,0.0000146,0.0000450,0.0000364,0.0000664,0.0000292,0.0000295,0.0000453,0.0000404,0.0000929,0.0000521,0.0000569,0.0000639,0.0000512,0.0000761,0.0000394,0.0000466,0.0000411,0.0000493,0.0000420,0.0000310,0.0000525,0.0000445,0.0000784,0.0000395,0.0000506,0.0000430,0.0000158,0.0000247,0.0000382,0.0000361,0.0005650,0.0000362,0.0003481,0.0000444,0.0000390,0.0000327,0.0000419,0.0000189,0.0000236,0.0000373,0.0000972,0.0000277,0.0000661,0.0005670,0.0000264,0.0003436,0.0000061,0.0000358,0.0000644,0.0000109,0.0000407,0.0000245,0.0000450,0.0000266,0.0000348,0.0000300,0.0000151,0.0000244,1.0000253,0.0000235,0.0000338,0.0000335,0.0000402,0.0000487,0.0000614,0.0001154,0.0079830,0.0000241,0.0007983,0.0000357
624,Social assistance,0.0000004,0.0000001,0.0000004,0.0000004,0.0000007,0.0000003,0.0000003,0.0000004,0.0000004,0.0000009,0.0000005,0.0000006,0.0000006,0.0000005,0.0000007,0.0000004,0.0000005,0.0000004,0.0000005,0.0000004,0.0000003,0.0000005,0.0000004,0.0000008,0.0000004,0.0000005,0.0000004,0.0000002,0.0000002,0.0000004,0.0000004,0.0000055,0.0000004,0.0000034,0.0000004,0.0000004,0.0000003,0.0000004,0.0000002,0.0000002,0.0000004,0.0000010,0.0000003,0.0000006,0.0000056,0.0000003,0.0000034,0.0000001,0.0000004,0.0000006,0.0000001,0.0000004,0.0000002,0.0000004,0.0000003,0.0000003,0.0000003,0.0000001,0.0000002,0.0000002,1.0000002,0.0000003,0.0000003,0.0000004,0.0000005,0.0000006,0.0000011,0.0000784,0.0000002,0.0000078,0.0000004
711AS,"Performing arts, spectator sports, museums, and related activities",0.0015482,0.0003814,0.0019093,0.0015857,0.0012838,0.0012401,0.0017400,0.0019364,0.0020216,0.0023988,0.0020471,0.0019420,0.0006516,0.0016362,0.0022086,0.0014404,0.0022082,0.0017242,0.0021148,0.0017892,0.0018843,0.0020771,0.0023619,0.0015778,0.0012161,0.0021802,0.0043561,0.0042160,0.0037985,0.0023064,0.0031003,0.0016233,0.0032072,0.0026349,0.0021968,0.0025994,0.0022314,0.0030520,0.0014864,0.0021718,0.0870748,0.0513811,0.0039964,0.0055359,0.0048674,0.0015316,0.0059055,0.0004253,0.0086945,0.0036720,0.0031355,0.0041537,0.0051250,0.0094081,0.0048787,0.0035389,0.0043699,0.0030832,0.0042008,0.0036973,0.0077246,1.1549372,0.0087668,0.0034636,0.0073963,0.0042492,0.0016109,0.0021785,0.0023009,0.0033106,0.0022508
713,"Amusements, gambling, and recreation industries",0.0004374,0.0001023,0.0004995,0.0004273,0.0004506,0.0004171,0.0005394,0.0005691,0.0006712,0.0006532,0.0005567,0.0005252,0.0001688,0.0004124,0.0005888,0.0003600,0.0006415,0.0004781,0.0005479,0.0004057,0.0004739,0.0005401,0.0006571,0.0004008,0.0003226,0.0005820,0.0010834,0.0003649,0.0005923,0.0003718,0.0009787,0.0003273,0.0004133,0.0006001,0.0003588,0.0004586,0.0002856,0.0004079,0.0002593,0.0004962,0.0006113,0.0005130,0.0010955,0.0016859,0.0014272,0.0003026,0.0014364,0.0001158,0.0006214,0.0011293,0.0007609,0.0018067,0.0008480,0.0027337,0.0014523,0.0010986,0.0007202,0.0012148,0.0004536,0.0006955,0.0011309,0.0009781,1.0020932,0.0015956,0.0016158,0.0004469,0.0029823,0.0003177,0.0002566,0.0013360,0.0007960
721,Accommodation,0.0013635,0.0004048,0.0017193,0.0016851,0.0022949,0.0027128,0.0018989,0.0027381,0.0030769,0.0030732,0.0028506,0.0023781,0.0007376,0.0019516,0.0027190,0.0016633,0.0033462,0.0023715,0.0022392,0.0019884,0.0024880,0.0027121,0.0041735,0.0015412,0.0013582,0.0029945,0.0038744,0.0023592,0.0024889,0.0024707,0.0028866,0.0019362,0.0024246,0.0034885,0.0021772,0.0028649,0.0018847,0.0031057,0.0019076,0.0029497,0.0039788,0.0032894,0.0078747,0.0104328,0.0093056,0.0019576,0.0091058,0.0007004,0.0135243,0.0070164,0.0041499,0.0111007,0.0047307,0.0040703,0.0069267,0.0070065,0.0050775,0.0053118,0.0031376,0.0039365,0.0044584,0.0031225,0.0048793,1.0027344,0.0063845,0.0031207,0.0063103,0.0061396,0.0020504,0.0033244,0.0027846
722,Food services and drinking places,0.0045006,0.0012405,0.0044516,0.0042119,0.0048949,0.0060889,0.0045630,0.0059204,0.0062147,0.0070185,0.0060214,0.0052209,0.0016566,0.0046302,0.0061006,0.0037191,0.0067448,0.0048106,0.0057649,0.0052408,0.0063829,0.0060753,0.0073502,0.0039148,0.0032242,0.0062135,0.0103035,0.0090245,0.0096708,0.0108895,0.0110023,0.0307423,0.0051157,0.0089957,0.0091388,0.0089788,0.0050775,0.0104823,0.0070846,0.0052852,0.0078319,0.0068360,0.0105948,0.0185324,0.0147708,0.0069175,0.0175510,0.0013789,0.0406164,0.0184443,0.0091969,0.0175527,0.0138621,0.0141479,0.0163324,0.0106958,0.0107729,0.0296655,0.0320782,0.0411305,0.0253317,0.0097094,0.0202302,0.0487354,1.0160170,0.0084367,0.0054273,0.0062265,0.0074396,0.0112859,0.0070677
81,"Other services, except government",0.0059344,0.0023736,0.0058089,0.0062219,0.0050974,0.0050629,0.0095186,0.0096465,0.0137839,0.0159617,0.0118137,0.0092837,0.0040385,0.0081651,0.0106906,0.0074643,0.0094502,0.0077421,0.0098313,0.0088086,0.0081070,0.0133428,0.0101724,0.0066827,0.0071361,0.0104692,0.0144362,0.0114715,0.0120134,0.0132067,0.0105387,0.0092298,0.0070825,0.0237994,0.0239702,0.0441668,0.0111816,0.0131726,0.0087582,0.0063320,0.0050714,0.0118231,0.0078216,0.0096631,0.0158353,0.0090654,0.0125366,0.0094434,0.0134796,0.0258542,0.0048217,0.0079609,0.0096286,0.0148773,0.0216543,0.0500214,0.0121723,0.0087254,0.0189008,0.0109773,0.0095342,0.0106501,0.0154254,0.0097141,0.0168623,1.0122415,0.0097927,0.0334941,0.0110704,0.0225828,0.0191002
GFGD,Federal general government (defense),0.0000000,0.0000000,0.0000000,0.0000000,0.0000000,0.0000000,0.0000000,0.0000000,0.0000000,0.0000000,0.0000000,0.0000000,0.0000000,0.0000000,0.0000000,0.0000000,0.0000000,0.0000000,0.0000000,0.0000000,0.0000000,0.0000000,0.0000000,0.0000000,0.0000000,0.0000000,0.0000000,0.0000000,0.0000000,0.0000000,0.0000000,0.0000000,0.0000000,0.0000000,0.0000000,0.0000000,0.0000000,0.0000000,0.0000000,0.0000000,0.0000000,0.0000000,0.0000000,0.0000000,0.0000000,0.0000000,0.0000000,0.0000000,0.0000000,0.0000000,0.0000000,0.0000000,0.0000000,0.0000000,0.0000000,0.0000000,0.0000000,0.0000000,0.0000000,0.0000000,0.0000000,0.0000000,0.0000000,0.0000000,0.0000000,0.0000000,1.0000000,0.0000000,0.0000000,0.0000000,0.0000000
GFGN,Federal general government (nondefense),0.0043888,0.0012355,0.0054099,0.0044341,0.0079688,0.0032141,0.0034636,0.0050578,0.0048722,0.0076704,0.0054812,0.0065169,0.0079316,0.0057284,0.0089599,0.0046840,0.0054287,0.0048821,0.0059403,0.0051306,0.0037807,0.0063092,0.0054378,0.0096965,0.0048620,0.0061546,0.0052735,0.0018316,0.0029155,0.0046833,0.0043570,0.0711476,0.0044038,0.0437880,0.0053811,0.0047122,0.0039238,0.0049064,0.0022547,0.0029082,0.0045218,0.0120538,0.0033779,0.0082445,0.0713356,0.0032502,0.0431870,0.0007362,0.0039196,0.0079379,0.0013052,0.0050307,0.0029643,0.0055395,0.0031660,0.0032139,0.0033014,0.0017625,0.0028460,0.0030267,0.0027917,0.0035245,0.0039350,0.0049230,0.0059481,0.0056056,0.0144330,1.0062098,0.0028625,0.0022181,0.0041787
GFE,Federal government enterprises,0.0028674,0.0006622,0.0020902,0.0024435,0.0011752,0.0026993,0.0019706,0.0025652,0.0027616,0.0038922,0.0027911,0.0029235,0.0010780,0.0033244,0.0033962,0.0020423,0.0025864,0.0018139,0.0031216,0.0026992,0.0021148,0.0030939,0.0026987,0.0021697,0.0022118,0.0028037,0.0091484,0.0039439,0.0038451,0.0030596,0.0054329,0.0017964,0.0015840,0.0369878,0.0085722,0.0052148,0.0033847,0.0038820,0.0047616,0.0016459,0.0026675,0.0016731,0.0035711,0.0025337,0.0054323,0.0018330,0.0041920,0.0002574,0.0027668,0.0057060,0.0011679,0.0016403,0.0019700,0.0016981,0.0022106,0.0028819,0.0021222,0.0021264,0.0048199,0.0025756,0.0034060,0.0019324,0.0024180,0.0060593,0.0085341,0.0017825,0.0013433,0.0012361,1.0034812,0.0023730,0.0024750
GSLG,State and local general government,0.0037451,0.0062239,0.0027026,0.0016396,0.0040510,0.0048120,0.0025815,0.0066236,0.0021983,0.0411587,0.0110710,0.0067434,0.0012842,0.0073604,0.0064946,0.0028805,0.0046045,0.0030217,0.0027427,0.0016357,0.0012925,0.0032049,0.0017381,0.0018852,0.0012251,0.0023130,0.0015365,0.0015954,0.0020129,0.0013952,0.0020022,0.0008437,0.0016224,0.0010327,0.0021764,0.0020893,0.0019812,0.0038710,0.0013318,0.0007447,0.0018501,0.0020088,0.0012219,0.0009561,0.0014258,0.0007756,0.0013698,0.0003309,0.0060524,0.0018558,0.0007552,0.0009701,0.0012366,0.0014131,0.0018728,0.0119637,0.0049332,0.0014669,0.0023844,0.0017123,0.0016943,0.0075324,0.0028911,0.0014819,0.0019857,0.0217425,0.0011819,0.0017666,0.0018207,1.0037025,0.0032437
GSLE,State and local government enterprises,0.0096230,0.0014573,0.0095419,0.0112392,0.0027816,0.0169480,0.0059523,0.0089856,0.0135866,0.0139270,0.0095502,0.0071375,0.0028283,0.0070124,0.0082283,0.0080832,0.0091889,0.0057919,0.0104763,0.0113871,0.0056585,0.0147695,0.0102348,0.0090197,0.0093313,0.0114580,0.0083452,0.0095704,0.0144577,0.0128770,0.0106956,0.0101614,0.0046173,0.0097261,0.0169151,0.0065909,0.0109358,0.0124717,0.0102102,0.0032506,0.0045434,0.0066303,0.0066739,0.0049846,0.0071595,0.0028454,0.0082693,0.0007048,0.0154605,0.0103108,0.0044138,0.0040312,0.0055943,0.0073195,0.0063514,0.0182008,0.0096028,0.0058254,0.0092331,0.0112808,0.0083195,0.0087153,0.0121710,0.0118949,0.0121552,0.0086230,0.0065686,0.0047640,0.0140749,0.0097922,1.0124122
,Total industry output requirement,2.2256261,1.3719556,1.9060548,1.8784986,1.5265888,1.5542613,1.9003908,2.2533889,2.0380011,2.6230053,2.2730427,2.2314905,1.4679526,2.2061331,2.8295847,2.1198611,2.2888849,1.8515533,2.5512488,2.3560596,1.9375356,2.3115420,2.0154011,2.3770917,1.9741708,2.3508634,1.7541919,1.6481605,1.6193334,1.6335595,1.7071351,1.9022401,1.8070119,2.2518862,1.9923859,1.9779534,1.5336118,1.7670652,1.6310887,1.5595780,1.7742894,1.8757083,1.6900051,1.5915599,1.9813957,1.8911867,2.5796957,1.1699042,2.0827142,1.8305139,1.3411007,1.4772779,1.6107351,1.6515584,1.7100682,1.9713125,1.6553241,1.5916105,1.8265170,1.7319425,1.8156901,1.7645498,1.7968711,1.6136207,1.9080193,1.7155035,1.7344779,1.5745734,1.7432371,1.7293006,2.2344472

Legend/Footnotes
Note. Detail may not add to total due to rounding.
